day,sentiment_mean,sentiment_std,subjectivity_mean,subjectivity_std,counting
2025-11-21,-0.8668528499567121,1.0,0.7352075111978617,1.0,1.0
2025-11-30,-0.24601703552588508,0.34560192350235935,-0.9383519070781204,0.7786085178005122,3.0
2025-12-01,0.2816034762043203,0.20132003383937344,0.34897211128278566,0.46417257648646304,3.0
2025-12-02,0.5508175460067011,0.19790463497058267,0.6172813179958991,0.23943317119789398,2.0
2025-12-05,-0.24474389183461862,1.0,1.2432873925006547,1.0,1.0
2025-12-06,-1.1336253165856056,1.0,0.03941668228558435,1.0,1.0
2025-12-07,0.36148977824547474,1.0,0.07629908506728418,1.0,1.0
2025-12-08,-0.19468960854651926,1.0,-0.4164220074696053,1.0,1.0
2025-12-09,-1.2030376145177164,1.0,0.6901848165667129,1.0,1.0
2025-12-10,-0.8025835012573496,1.0107871089862432,0.7469615674736472,1.0443007483202356,2.0
2025-12-11,-0.3734549060040168,1.0,0.22281055772430583,1.0,1.0
2025-12-12,0.2290165421555818,0.510726676932691,0.5550287364953121,0.5194912740384506,2.0
2025-12-14,0.2162859135033101,1.0,0.4248146018453993,1.0,1.0
2025-12-15,0.1271317785513129,0.5250990055859015,0.31128090994918767,0.49029111870203423,2.0
2025-12-16,-0.2582347443327947,0.04444014585080031,0.08832602644601174,0.2973078911003393,2.0
2025-12-17,1.0857666962903036,0.9050252653862734,0.12798823548810873,0.5384779239940921,3.0
2025-12-19,-0.963861019639946,1.0,-0.22263440912293567,1.0,1.0
2025-12-21,0.3394377082844042,0.7694041380096428,-1.0600113100125839,0.7113551403748946,2.0
2025-12-22,0.1711894216039144,0.684805004295126,0.9856925983621476,0.6626256735598638,6.0
2025-12-24,0.3018982961973508,0.7667291314518728,0.6649217463985451,1.041740768751315,5.0
2025-12-25,-0.11184272128887927,0.3576631258674032,-0.6476394772828845,1.1453630690346117,3.0
2025-12-26,-0.36326606412390466,1.120830450631507,0.5760913508803941,0.27007031245102703,4.0
2025-12-27,1.1193270943942015,0.4341508714973318,-0.019742839155392322,1.644382398084342,2.0
2025-12-28,-0.46069421919210535,0.6018046400534173,-0.4835405574058774,0.5859358817971938,7.0
2025-12-29,-0.38559162432247396,0.7258169127079068,-0.31051323221134525,0.722712467940353,8.0
2025-12-30,0.2313098242822583,1.0965455430078916,0.7660683777909231,0.5612375998489021,8.0
2025-12-31,0.055910095943871384,1.076049938698948,0.026065676357051606,1.173065082324566,9.0
2026-01-01,-0.2819878560133208,0.6289578997035834,-0.9179630548442801,1.1268779529228339,6.0
2026-01-02,-2.0114526746907235,1.0,0.3757076507265217,1.0,1.0
2026-01-03,-0.23313897375164916,0.571954151264507,0.8015536227378078,0.46199276294518327,3.0
2026-01-04,-0.5875167079537418,0.8694692277907647,-0.8948208391120938,0.23322363716978958,2.0
2026-01-05,0.6672943101313519,1.0,0.42267115238951286,1.0,1.0
2026-01-06,0.7279991450683956,1.2416052491589677,-0.4013822268731823,0.8325284687884913,3.0
2026-01-07,0.41775071390127483,1.4017254342835546,0.06926459689063225,0.6659319248675728,5.0
2026-01-08,0.16393108789721322,1.6467948317400234,0.07157352074025809,1.0968107361673216,6.0
2026-01-09,0.4471305834933423,0.9392119934607152,0.47402807956726406,0.631175480131766,4.0
2026-01-10,-0.12744713304123037,1.1959357876424845,0.47641379472431766,0.9107860694573474,13.0
2026-01-11,-0.60736536844194,0.3660413038782636,-0.6982545654859036,0.9059775273320931,4.0
2026-01-12,-0.7302565454667285,1.357857388974306,0.6698399652620225,0.26407808757853296,3.0
2026-01-13,-0.20684677432081927,0.21670722786970303,0.206989324568214,0.762794387061333,2.0
2026-01-14,-0.2918799148586577,0.27751385151578667,-0.35147237019313776,0.5869371146985491,2.0
2026-01-15,0.35489233413273596,0.5138229682396634,-0.22755312055799273,0.50083917438382,3.0
2026-01-16,0.9554739554013909,1.1255387386757376,0.7507675576248031,0.625634206131756,4.0
2026-01-17,1.276656305347491,1.2702977075173452,0.4602200493704147,0.2452496340688027,2.0
2026-01-18,-0.24884513503057604,0.8071124632524161,0.729185281303409,0.779534990032584,2.0
2026-01-19,-0.1668365037409127,1.1182468975644202,-0.23970366416033131,0.9960647098084819,7.0
2026-01-20,-0.02578230607026528,0.8628184074894704,0.19789625851123316,0.6965914194619468,10.0
2026-01-21,-0.5392846843458701,1.3271040208792904,-0.40600700539122686,0.9762975767713457,19.0
2026-01-22,-0.019132914192922214,0.7012959401753219,-0.2959842139937059,0.8856314709181711,13.0
2026-01-23,0.030296674665506767,0.48365753408017914,-0.3132043736201226,0.9192604065563498,13.0
2026-01-24,0.0628979467962793,0.754087273270289,0.3594843765548886,0.9331646192355563,9.0
2026-01-25,-0.11876321380642055,1.1063472326168389,-0.059809251531374646,0.858887368375371,15.0
2026-01-26,0.0949437797944654,0.970668262857086,0.17690300715887622,0.5958126992648852,19.0
2026-01-27,0.3269864597436242,1.0494682125034802,0.47992513895960426,0.5534164265231951,22.0
2026-01-28,0.025829504037517565,0.817157697198576,-0.009248587324307903,0.9930130329089466,12.0
2026-01-29,0.2015986913410977,0.8021895880248613,0.3619915103691822,0.7457484089010171,7.0
2026-01-30,0.3055841955320602,1.1658832797057739,0.5094093355541764,1.0349811936840039,5.0
2026-01-31,0.03295073890514186,0.8402473707179765,-0.6250331017868267,0.7685555962256158,4.0
2026-02-01,-0.314689769394148,0.9341298008216251,-0.27550185065647065,1.0433998547345755,15.0
2026-02-02,0.4276871247314561,0.7794862090320175,1.497889171170438,0.9330898574311808,4.0
2026-02-03,-0.4079587033658127,0.6235770408830394,-0.3894026859298816,0.9265828961705218,8.0
2026-02-04,0.4835519257794384,1.689361607365837,0.08180357812077456,1.2937092310789893,9.0
2026-02-05,-0.03911342275800198,0.8454802527269645,-0.3058288276604177,0.8852742196190317,17.0
2026-02-06,-0.26419343296281184,0.9383778934560985,-0.4208749843352492,1.202445248343807,30.0
2026-02-07,0.23252839827786442,0.9535823191901418,-0.3528512333172185,0.757694131937172,9.0
2026-02-08,-0.2884929730133111,1.1201772288442995,0.0018209651557262113,1.0040067876259664,9.0
2026-02-09,0.7222385177498202,1.4589490211887168,0.4930856346438266,1.5483244686840818,7.0
2026-02-10,-0.1331627181444581,0.9740508344823698,0.14541325810331987,1.0214921768268999,17.0
2026-02-11,0.1322942985139201,1.4368123741663164,0.0664273615069883,1.0593746454539972,16.0
2026-02-12,0.0896894000456095,1.0281550244029247,0.012039694857294609,0.8647505391005933,28.0
2026-02-13,-0.2936362594995657,1.1836809427531123,0.2734905211482293,1.236305740894087,19.0
2026-02-14,-0.2832375214239247,0.5423707531226517,0.02548241002864864,0.6314566533489069,12.0
2026-02-15,-0.24090525031728893,0.6392019952109457,-0.33394806274011524,0.8785869570208382,19.0
2026-02-16,0.17108000351893252,1.1678424108648258,0.22405054788942344,0.6744727841891501,21.0
2026-02-17,0.011150969808997102,0.7161619104145205,0.38566257767472734,0.8626139624644311,19.0
2026-02-18,-0.099628094281819,0.8317915893621504,0.09146972164136104,0.5150127136456721,24.0
2026-02-19,0.3775154569378045,1.1704163178951739,0.059678316824742735,0.64991783365844,6.0
2026-02-20,0.6030979054440533,1.1098359243879048,0.4274501245258756,1.235115196342659,10.0
2026-02-21,0.25847787021031826,0.6822839716681866,0.3565745261385116,1.5371062529123176,4.0
2026-02-22,-0.03508601060361314,1.0138504143701041,0.12254465069944162,1.1282099781451815,26.0
2026-02-23,-0.0853818626849668,1.2826483778173665,-0.05582049385484457,1.403404912707711,13.0
2026-02-24,-0.013354502505701103,1.2088560615761532,0.2871555357647502,1.053852176617311,25.0
2026-02-25,-0.06881221311478478,1.236904014041442,0.3442772309683642,0.5753350177019249,16.0
2026-02-26,-0.5507684464573579,1.1692906241675676,0.5961266163431812,0.8606288831501965,14.0
2026-02-27,-0.004303465676379461,0.817938962253138,-0.264134782679863,0.9589269974628374,23.0
2026-02-28,-0.33717724878579186,1.1363787444463265,-0.24161100220596418,1.2007328002666036,12.0
2026-03-01,0.34660946384056945,1.360338729677445,0.12250740252615569,0.552086448108279,9.0
2026-03-02,0.4943310394277187,1.3070840384376086,-0.18016612662680942,0.8417523356056444,9.0
2026-03-03,-0.41060275281391545,1.0457515587624326,-0.3593828642265158,0.6134605096835856,10.0
2026-03-04,-0.06906693132048884,0.5707219373526728,0.6669245933771026,0.8788414854369233,10.0
2026-03-05,-0.43246995295030527,1.6878128264215848,0.19614578787838322,0.6251162458987365,5.0
2026-03-06,-0.16344015458288366,0.639646113525243,-1.0425390990003405,1.2252434105315095,11.0
2026-03-07,-0.3955010746497181,1.2544032253805772,0.39542871313817474,0.5497148973236975,4.0
2026-03-08,0.03547783276927266,0.7085378361353158,-0.26536022713581886,1.1420282616548882,7.0
2026-03-09,0.0835191844259655,1.0702436390144154,0.1291273835618922,1.2918377291484806,16.0
2026-03-10,-0.3948464022389333,0.8823504974597428,0.6032330376502397,0.9205561329010806,3.0
2026-03-11,0.0009760083816622392,0.2932954821512211,0.3825323776407719,1.6896000900635064,3.0
2026-03-12,1.3419757105636412,1.0,1.6537794009815148,1.0,1.0
2026-03-13,0.5892168270993049,1.7495741610608926,0.21311626020208468,0.788428041177387,14.0
2026-03-14,0.5052979983544804,0.9602465286533476,0.411740558343394,1.243087732146342,6.0
2026-03-15,0.48314543296088,0.8209852022832527,0.18345513632559876,0.5690232454837122,7.0
2026-03-16,0.39975954359337745,0.871466683895569,-0.11618210556488698,1.0680680707254098,13.0
2026-03-17,-0.9641658096026842,1.7100801952973277,0.43826961042641494,1.032655311430484,10.0
2026-03-18,0.0923875268057759,1.1379339003608306,0.33963229721909405,0.753632860838653,17.0
2026-03-19,-0.14229397144486997,0.6361686767262996,-0.08306499513591539,0.7327088256599597,16.0
2026-03-20,0.3214858586720989,0.5466524474039548,-0.03931991215080034,0.7140334140702268,6.0
2026-03-21,-0.9990297903214498,1.0,-1.697832813207833,1.0,1.0
2026-03-22,0.36299175176066434,1.3021481170515494,0.6102824804248905,1.0476421354934182,4.0
2026-03-23,0.9024451518367038,1.04497311269223,-0.5384196784177245,0.8461078325223981,4.0
2026-03-24,-0.15884802102236778,0.3578155347575932,-0.7689149051204003,1.0748639526399708,9.0
2026-03-25,0.8411318610141524,1.0069965587278547,0.48335522692911764,1.332006604541529,7.0
2026-03-26,0.13332296809154298,0.8448867780848324,-1.001250240138528,0.9359584323306525,6.0
2026-03-27,0.11003130366080142,1.098814972047702,-0.32633178724587025,1.1071894778255735,7.0
2026-03-28,-0.5131353271825552,0.6504075715301221,0.18206125635028061,0.5403683654876509,11.0
2026-03-29,-0.08615546783696594,1.3896577728395503,0.23378767346882598,0.8222205024849382,13.0
2026-03-30,-0.15809283142586963,0.7281730220040498,-0.02942032349286105,0.9740381327761383,17.0
2026-03-31,-0.06424838310833579,1.308794918544124,0.4027320166489805,0.8377725106896791,11.0
2026-04-01,-0.09307385837301678,1.2362644684651758,0.011950353078185223,1.1669339601387605,23.0
2026-04-02,-0.1433460558617229,1.0207274696323643,-0.32425207144286794,1.1117987963222942,27.0
2026-04-03,0.10457043897502401,0.6441078473766644,0.10880611505020699,0.8878679248167564,12.0
2026-04-04,0.3781442053429048,0.8930948255272655,0.20170497155830255,0.8066036731909539,13.0
2026-04-05,-0.4295492515244107,1.3660391448617084,0.6314237722396812,0.7384308888938216,9.0
2026-04-06,0.27175454731942905,1.5564867641031475,0.5789984637950624,0.7511916178608864,16.0
2026-04-07,-0.08239902674364352,1.2165260670788074,0.02304162566557459,1.3024770048076142,24.0
2026-04-08,0.04243234497059743,1.566214943451268,0.30712969725248923,1.1123877876974266,13.0
2026-04-09,-0.06580175109891653,0.7393171852942879,-0.09286806685161476,0.8328308736698058,22.0
2026-04-10,-0.38988890104610435,0.8415936645341644,-0.35387866928863687,1.0043549823420996,18.0
2026-04-11,-0.24316199233031544,1.036297520787963,0.08245701187184562,0.9735361049237091,16.0
2026-04-12,0.02541463014322529,1.135972388337396,0.24003417181477862,1.1007239549625143,13.0
2026-04-13,-0.3078156844181314,0.7646577124462961,0.0023829842951267333,0.8180428029007237,11.0
2026-04-14,0.41509430486781396,0.9497382641024359,0.049020456819100854,1.1782323711383274,12.0
2026-04-15,0.7220358857583845,0.8970597904395017,-0.11767156017004252,0.761286538399167,16.0
2026-04-16,-0.040119978905420205,0.7440994559645024,-0.40814585475241005,0.8505987467074322,11.0
2026-04-17,-0.21887008296279908,1.423294293450451,0.4060914515949996,1.110737256781342,13.0
2026-04-18,0.00989999366536407,0.9748549109385736,0.02875364384577366,0.7883947762829839,10.0
2026-04-19,-0.1944677142215064,0.7981087876917986,-0.10846992955636854,0.6355255402447867,12.0
2026-04-20,-0.30634284045350696,0.7087965993480699,-0.2581109396817635,1.1261406946714627,24.0
2026-04-21,0.11918863965315267,1.3985690944943345,0.45165600955064644,1.097922159628254,15.0
2026-04-22,-0.24153990879524334,0.5055168343519347,-0.22790152743917025,1.10194454832608,11.0
2026-04-23,-0.2490557207248423,0.686332044031582,-0.5654683033633838,0.958746665804862,19.0
2026-04-24,0.12066738885836424,0.8073630352708633,-0.4533942346935813,0.9977426313521764,25.0
2026-04-25,-0.0986601010538597,0.6188776378766612,-0.1574730772208495,0.8739282876808104,11.0
2026-04-26,0.044198715594383355,0.8816366009058363,0.061057285901934336,1.0748845297902272,29.0
2026-04-27,-0.007814867502369685,0.7250199294812544,-0.2884405681076935,0.952359280148985,34.0
2026-04-28,-0.05030741411256949,0.6296166039524412,-0.22485983013103913,1.1452326178896557,29.0
2026-04-29,-0.14614322901336047,0.5481399564856883,-0.5358372761683752,1.1823877990200473,16.0
2026-04-30,0.306546160801591,1.1227743213170405,0.4164456292744187,0.6047914238865187,15.0
2026-05-01,-0.11318220324323891,1.1071757755124105,0.2601813044484323,1.1381950321283567,17.0
2026-05-02,0.4834449889617707,0.9095043361077955,0.4559774754932106,0.6563520348540431,12.0
2026-05-03,-0.03261440942002167,0.8589633177628374,-0.06919947104448493,0.651322458733988,26.0
2026-05-04,0.20740058991340013,1.0228865226981427,0.09202115394868916,0.6624292252507249,13.0
2026-05-05,-0.0473532830491286,1.0211661455479801,0.0914271304386333,0.9585340511200384,20.0
2026-05-06,0.09290625922059338,1.1784328561164945,0.2477907728415716,0.7270468354137158,13.0
2026-05-07,0.3136163968102013,1.5636610109315194,0.56640902768094,0.5657271318417323,11.0
2026-05-08,0.04387840565496209,0.8525401415426729,0.4213254443475129,0.7323792207138073,11.0
2026-05-09,-0.23885616905792004,1.08848392863518,-0.046708321972748455,1.0604249323572772,9.0
2026-05-10,0.033872784402451395,0.9940167568284055,0.1808078175411629,0.4797547066052935,6.0
2026-05-11,0.11832690241557584,0.718983430092824,0.20837304825524713,0.900207599041357,4.0
2026-05-12,-0.10805330543040759,1.2344675670915237,0.2572303780380995,0.8632842310647775,12.0
2026-05-13,-0.10169630676618956,0.4590967473464593,0.2520176733312641,0.8760191133689467,16.0
2026-05-14,-0.2693118397540343,0.7911636929571261,0.20236676478997137,0.4870653609770059,19.0
2026-05-15,-0.12987562443883532,0.6202194896522023,-0.24678486628098306,0.7247223347543953,17.0
2026-05-16,0.3640771741333436,0.6996183656262892,0.2899031328700929,0.6309674657820152,13.0
2026-05-17,0.7784338501837512,1.2576245180100918,0.15123576685441487,1.4612452250819514,4.0
2026-05-18,-0.11608189407202925,0.6134818676857904,0.4121917423540455,0.5501284544468737,5.0
2026-05-19,-0.259366082242648,0.9790656703045911,-0.10782776451560809,1.113430982787686,11.0
2026-05-20,-0.12003673056620762,1.1897166342051653,0.217121206896785,0.9403216907442646,11.0
2026-05-21,-0.3290143884548169,0.6482279622362308,0.3206332463414566,0.9109142843642496,9.0
2026-05-22,-0.35710948568310535,0.6829951827580262,-0.5098366125231981,0.6053279031854115,7.0
2026-05-23,-0.2489274288595962,0.2074565145329026,-1.1555585960304622,0.6171429075433941,3.0
2026-05-24,0.04119298790372426,1.2326371867881198,0.031083986049209516,1.3124972371789752,17.0
2026-05-25,0.2144648397906236,0.6009055203527581,0.2729475360545111,0.8577609651573166,8.0
2026-05-26,0.17622945103739926,1.1011907910946508,-0.0566165588940569,0.5891044946065053,10.0
2026-05-27,0.0553640716689878,0.3269248269910776,-0.2941941394236692,0.5623456752394079,4.0
2026-05-28,0.38910704975537574,0.34395938932663134,-0.214247605023929,0.4988900275651201,7.0
2026-05-29,-0.34582784152229845,0.969695020547676,-0.021134413357585407,0.8814958435228374,9.0
2026-05-30,-0.06199054618087518,1.3662871236690648,0.3012796561507703,0.8548505286556566,5.0
2026-05-31,0.31264327513450113,0.8290889375921848,0.20251496327814147,0.8160958484858791,10.0
2026-06-01,0.3579569163705014,0.6407328645463577,-0.522835232973127,1.6425619463354428,5.0
2026-06-02,0.003215789663895167,0.6199478962808792,-0.8079100323781448,1.0720330828403761,3.0
2026-06-03,-0.3048599320610585,0.7484411155793462,0.025001285268262795,0.7160364722766713,12.0
2026-06-04,-0.5492187597545217,1.2197252181630367,-0.007294166870713936,0.7214497463204702,8.0
2026-06-05,-0.24077806385542008,0.9265138137894564,-0.8490689828440965,1.4417325999404613,2.0
2026-06-06,-0.084009698416176,3.8502563083661996,0.7488839688451279,2.0512561541357623,3.0
2026-06-07,-0.3432609792019184,0.5214239150165273,-0.0476746037164199,0.4551059799913117,7.0
2026-06-08,0.4099795964573382,1.1136240613063535,-0.31259640241083925,0.8539256832366581,7.0
2026-06-09,0.3168304531508612,0.35670512347678834,0.2870978770022665,0.5355191737146205,3.0
2026-06-10,0.04203280244605453,1.0130100897349599,-0.13951239695579623,1.3030795153431627,18.0
2026-06-11,0.23541526703937193,0.9789805846185129,0.48705338906752144,0.8638824102095155,10.0
2026-06-12,0.6972306853009111,1.8067696730036928,-0.1777333891890611,0.9629622988126035,11.0
2026-06-13,-0.1489402414612326,0.9097479879302083,-0.3960874481601374,0.5662433414818631,14.0
2026-06-14,0.4303811711476843,1.172458588795737,0.6168591395101489,0.8492820515614017,12.0
2026-06-15,-0.09064108091192627,0.9417767901293995,-0.07219291696043088,0.8302387170608542,15.0
2026-06-16,-0.2740542475529478,0.8123178619594273,-0.7074335966554157,0.7668861887789951,6.0
2026-06-17,0.1936251150268315,0.8293232775591131,0.10416253705604638,0.5766864142219256,7.0
2026-06-18,0.12787925784217363,0.948676335852248,0.38590313365720436,1.1750824323260003,7.0
2026-06-19,0.003632649725793197,1.9754354210942953,1.0042740804373977,1.3130873601855768,9.0
2026-06-20,0.5796542814953516,0.11072040328633924,-0.19628282879646922,0.4094056207462004,2.0
2026-06-21,0.6193775568409058,1.1537648610076094,0.4561110270008667,0.5578625506045826,8.0
2026-06-22,-0.047252966890918964,0.7430164242040832,0.05956731768954165,0.6427767169695591,11.0
2026-06-23,-0.04704045446562655,1.3092057825785433,0.007539061895004766,1.3095790723801015,7.0
2026-06-24,0.07102877871849794,0.8939324460419056,-0.5308997993164499,1.0292137432892883,10.0
2026-06-25,-0.36817145200757095,0.9442922623378837,-0.12696296112421507,0.9830272825209694,31.0
2026-06-26,-0.3522422770558356,1.1836845803173697,-0.16437664238327845,1.2095454274150048,11.0
2026-06-27,0.05284899737232236,0.7786272884501895,-0.4524285427401665,1.2321898641174758,15.0
2026-06-28,-0.28159709735317445,0.5889746440016874,0.18815018517106888,0.8547314553433569,12.0
2026-06-29,0.4244402879679777,1.528666116850825,0.5210712774184868,1.1300613289408625,7.0
2026-06-30,-0.2818102228169052,1.019390285194227,0.2904195362142301,0.8179561992558382,6.0
2026-07-01,0.2292156092532595,1.003024342736963,-0.4102859471433708,1.1772765378411962,11.0
2026-07-02,-0.1983169907888113,0.4675249541710803,-0.6378794257723076,0.984652802528774,9.0
2026-07-03,0.3159923012231007,0.6852593613172037,-0.5530777250887726,1.2590190570959179,15.0
2026-07-04,0.24548046923834158,0.6025027140759011,0.025388121582746167,0.8686298358005339,11.0
2026-07-05,0.5226436632818646,1.1013433415732248,0.030112148537373595,0.6259318168059701,6.0
2026-07-06,0.20766116105353652,0.8249579850020048,-0.10571285497659075,1.0995851246856128,10.0
2026-07-07,0.37480858296101516,1.1092680573124982,0.6442407787067262,0.9142919885491925,9.0
2026-07-08,-0.36507866070585776,0.33493442146419655,-0.23238629629299434,1.2570769491000746,6.0
2026-07-09,0.22769247577577784,0.9512517410927905,0.11977472468113515,0.6177694877758021,7.0
2026-07-10,-0.385259721698015,0.8403029824864762,-0.770704211244054,0.8234316315431094,12.0
2026-07-11,0.18823797093519612,1.7687897727638435,0.904366841962874,0.6973999006446638,6.0
2026-07-12,0.3145032646412599,0.3358191167984505,-0.1525979553761075,0.7453682598787068,4.0
2026-07-13,0.3258247749962428,0.6169659063101073,-0.5716025105875262,1.0040048151555971,5.0
2026-07-14,0.4290059237267325,0.86853600481365,0.6460478839572916,1.1545320093691886,10.0
2026-07-15,-0.7719253273188317,0.9696585536819347,0.0023313862915321413,0.8333318186558352,6.0
2026-07-16,-0.0611751404267468,0.6057923014148353,-0.5659856352615493,1.1800696980418872,6.0
2026-07-17,-0.054290109039805766,0.7754331378573976,0.09604288834859975,1.1219518126354349,7.0
2026-07-18,-0.08093378063512949,0.7790184895746938,-0.32564493873630607,1.1501861185894333,13.0
2026-07-19,0.2604164639701042,0.7252139525724641,0.36689828212333797,1.4509665197156723,14.0
2026-07-20,0.12119109802423297,0.9166508539264469,0.15124816643949734,1.438707762244517,13.0
2026-07-21,0.1271749519244611,0.5100549667497007,0.131582978961598,1.126524123142255,7.0
2026-07-22,0.22057966073775992,0.8869497790864213,0.11769928238079204,0.7071987150932183,10.0
2026-07-23,0.034428739860929945,1.4755698914439073,-0.48413514558712983,1.3463185492168328,6.0
2026-07-24,0.27674987329488265,0.5002996152716603,0.04727836958263444,0.36365564067310024,5.0
2026-07-25,-0.30450721215320137,0.9647918997542075,0.06312865263921054,0.7308156904731327,12.0
2026-07-26,0.0383452659536666,0.6091688964593215,-0.021981473269727807,0.5850531963185913,6.0
2026-07-27,-0.2608563036916853,0.8774946621802208,-0.9034465263598838,0.6865259205473989,5.0
2026-07-28,-0.08790490092533888,0.5579396355324914,-0.8407318241446424,1.0733449759522085,7.0
2026-07-29,0.5606388106016015,0.6976084096596258,-0.09082694136648121,1.123850706989609,15.0
2026-07-30,0.44381535155783547,0.8309323468932617,0.8696954908393719,1.3728358770913502,5.0
2026-07-31,0.21544034125775405,0.8289609303481112,-0.034330588551143834,0.9233616528687186,5.0
2026-08-01,-0.10456542283619576,0.5202018457298707,0.36727483435675085,0.7209155767496443,3.0
2026-08-02,-0.2534559042661708,0.5221991502288591,-0.17465931415950464,1.0626536082639524,4.0
2026-08-03,-0.15556947822849293,0.4332751371897968,-1.0302228141609848,0.9730800732052322,4.0
2026-08-04,0.21409888594440316,0.4814924162455558,-0.20735804550577228,1.4413356593244624,3.0
2026-08-05,0.09183318551469262,0.3290499263653436,-1.1257912266356567,0.9287567208472173,3.0
2026-08-06,0.9678882382132209,1.6125318196838776,-0.1644140069039881,2.2423198899417414,2.0
2026-08-07,-0.9113149277281943,1.0,0.6358088213532506,1.0,1.0
2026-08-09,-0.006967982375305011,1.059524804929219,-0.18763383742152517,0.4086883273629763,3.0
2026-08-10,0.10075480883128723,1.0519055115475746,0.10126310422339943,1.4683283535724663,4.0
2026-08-11,1.2326454664702415,1.9869550826212654,-0.6523568554189587,1.5522644959089091,2.0
2026-08-12,-0.26735421435061213,0.9586958089484687,-0.14517362583935806,0.9872764336344767,5.0
2026-08-13,0.06701286109459345,0.8133993612661589,-0.3118420698875837,1.2326869323424074,4.0
2026-08-14,-1.7757635599830355,1.0,0.9999677794214326,1.0,1.0
2026-08-15,-1.5594563917650446,1.2464851672988193,-0.13349131286258667,1.4111999200193828,3.0
2026-08-16,0.2961972029946552,0.24975582994241166,-0.6877705385399112,0.2831509344589221,2.0
2026-08-17,0.3763671207986646,1.011657916106765,-0.9161789946680468,1.3902494182394067,4.0
2026-08-18,0.39591244217119076,0.08163681084829501,-0.3908042529267165,0.18730783747348537,2.0
2026-08-19,-1.4292874441123617,1.7775865416519396,0.05755115128279231,2.5562260270237758,2.0
2026-08-20,1.0548170426486823,2.6233333144330215,1.981116852229869,0.8482705483824133,2.0
2026-08-22,0.08426192681540083,0.5316481079399056,-0.9345917937735375,0.9472951622550212,5.0
2026-08-23,0.2375952207337804,0.3537970277567695,-1.068920594047949,0.7071332062840618,2.0
2026-08-24,-0.6709062679116743,0.37458934553480305,-0.1515504122905431,1.4640222632321596,5.0
2026-08-25,-0.33199745258196556,0.4980641193500076,-0.8443522537108334,0.8891190315696211,4.0
2026-08-26,0.09671493734657122,0.6081441523215274,-0.5346596296913837,1.29669812267053,2.0
2026-08-27,-0.16601096467601176,1.0,-0.6238443977217465,1.0,1.0
2026-08-28,0.7445286652191723,1.2401949778872414,-0.2550102602730719,1.4361033486309485,7.0
2026-08-29,0.23348614290000264,1.078785983974515,-0.24487555312659953,1.124924026475412,2.0
2026-08-31,0.09381864807452311,0.4892192434337027,-0.02994557974116822,2.309789738554315,3.0
2026-09-01,-1.778554993848545,1.2504957136542385,1.1707891007239912,1.8224545495008158,2.0
2026-09-02,-0.4684490962223535,0.23407138912936404,-1.0897804678909373,0.6266268793819844,3.0
2026-09-03,0.7025175656708073,1.1921272580726576,-0.4607181344864867,0.32394728857252775,2.0
2026-09-04,-0.012577056756676546,1.0,-1.5689392794135948,1.0,1.0
2026-09-05,-0.23687580962430987,0.13637559367313584,-0.42353479002841526,1.4538523780384354,2.0
2026-09-06,1.2794967820698233,2.053212848557216,-0.14131391256896875,2.2749883566424236,2.0
2026-09-07,-0.33330791669892545,1.0,-1.451563665383581,1.0,1.0
