,phrase,label,sentiment,subjectivity,language,count
Istanbul,,,,,,
Türkiye,,,,,,
USA,,,,,,
Antalya,,,,,,
Japan,,,,,,
Ankara,,,,,,
Turkey,,,,,,
Venezuela,,,,,,
Europe,,,,,,
Marmara,,,,,,
Mediterranean,,,,,,
Aegean,,,,,,
Iran,,,,,,
US,,,,,,
Eastern Anatolia,,,,,,
Adana,,,,,,
France,,,,,,
Hatay,,,,,,
Indonesia,,,,,,
Spain,,,,,,
Gaziantep,,,,,,
Aydın,,,,,,
Israel,,,,,,
Muğla,,,,,,
Trabzon,,,,,,
Manisa,,,,,,
the Black Sea,,,,,,
Balıkesir,,,,,,
Greece,,,,,,
Black Sea,,,,,,
Southeastern Anatolia,,,,,,
Italy,,,,,,
China,,,,,,
Çanakkale,,,,,,
Russia,,,,,,
Elazığ,,,,,,
Germany,,,,,,
England,,,,,,
the Middle East,,,,,,
New Zealand,,,,,,
Central Anatolia,,,,,,
Philippines,,,,,,
Eastern Black Sea,,,,,,
Malatya,,,,,,
Balkans,,,,,,
Southeast,,,,,,
Bodrum,,,,,,
Sındırgı,,,,,,
New York,,,,,,
India,,,,,,
Kahramanmaraş,,,,,,
Erzincan,,,,,,
Artvin,,,,,,
Osmaniye,,,,,,
Ardahan,,,,,,
Kars,,,,,,
Earth,,,,,,
Kaş,,,,,,
Bolu,,,,,,
Fethiye,,,,,,
Şanlıurfa,,,,,,
the Eastern Black Sea,,,,,,
Kumluca,,,,,,
East,,,,,,
Taiwan,,,,,,
Belgium,,,,,,
Gaza,,,,,,
Ukraine,,,,,,
Marmaris,,,,,,
Canada,,,,,,
the Strait of Hormuz,,,,,,
Saudi Arabia,,,,,,
Malaysia,,,,,,
Tokat,,,,,,
Central,,,,,,
Sivas,,,,,,
Edirne,,,,,,
the United States,,,,,,
Paris,,,,,,
Karabük,,,,,,
Beykoz,,,,,,
Konya,,,,,,
Ağrı,,,,,,
Bartın,,,,,,
the Eastern Mediterranean,,,,,,
Kemer,,,,,,
Egypt,,,,,,
May.,,,,,,
Finike,,,,,,
Romania,,,,,,
Syria,,,,,,
Pakistan,,,,,,
Rize,,,,,,
Uşak,,,,,,
Africa,,,,,,
İzmir,,,,,,
Battalgazi,,,,,,
Somalia,,,,,,
the Marmara Region,,,,,,
Iraq,,,,,,
Argentina,,,,,,
Australia,,,,,,
Thailand,,,,,,
Sapanca Lake,,,,,,
Kaş district,,,,,,
Sarıyer,,,,,,
Portugal,,,,,,
Van,,,,,,
CHP,,,,,,
Alanya,,,,,,
Birecik,,,,,,
Çankırı,,,,,,
Tonga,,,,,,
Erzurum,,,,,,
Caracas,,,,,,
Denizli,,,,,,
Bosphorus,,,,,,
Kütahya,,,,,,
Hakkari,,,,,,
Chile,,,,,,
Muş,,,,,,
Kırklareli,,,,,,
Bulgaria,,,,,,
Brazil,,,,,,
Saimbeyli district,,,,,,
Kilis,,,,,,
Adıyaman,,,,,,
Mersin,,,,,,
Tehran,,,,,,
Zonguldak,,,,,,
Gazipaşa,,,,,,
Ordu,,,,,,
Eastern Mediterranean,,,,,,
Erbaa,,,,,,
Pacific,,,,,,
Mindanao,,,,,,
Bursa,,,,,,
West,,,,,,
Bingöl,,,,,,
Tokyo,,,,,,
the Central Mediterranean,,,,,,
the Gaza Strip,,,,,,
Fukushima,,,,,,
Hawaii,,,,,,
earth,,,,,,
Manavgat,,,,,,
the Pacific Ocean,,,,,,
Bozcaada,,,,,,
Pacific island,,,,,,
Niksar,,,,,,
Western Mediterranean,,,,,,
Bitlis,,,,,,
Western Black Sea,,,,,,
Iwate Prefecture,,,,,,
Sakarya,,,,,,
Kocaeli,,,,,,
Anatolia,,,,,,
Düzce,,,,,,
Vanuatu,,,,,,
Salihli district,,,,,,
Alps,,,,,,
Gulf,,,,,,
Çorum,,,,,,
Riyadh,,,,,,
Colombia,,,,,,
Mexico,,,,,,
Beşiktaş,,,,,,
Afyonkarahisar,,,,,,
Qatar,,,,,,
Saimbeyli,,,,,,
Mali,,,,,,
Yozgat,,,,,,
Georgia,,,,,,
Lebanon,,,,,,
the Western Black Sea,,,,,,
Kemah,,,,,,
Netherlands,,,,,,
the Marmara Sea,,,,,,
Isparta,,,,,,
Dardanelles,,,,,,
Central Black Sea,,,,,,
Yedisu,,,,,,
Antarctica,,,,,,
Buldan,,,,,,
Turhal,,,,,,
Iwate,,,,,,
UAE,,,,,,
Kadirli,,,,,,
Uttar Pradesh,,,,,,
Izmir,,,,,,
Asia,,,,,,
Iceland,,,,,,
Norway,,,,,,
Kastamonu,,,,,,
Arctic,,,,,,
South Africa,,,,,,
Yüksekova,,,,,,
Sweden,,,,,,
TRNC,,,,,,
Western Europe,,,,,,
Kağıthane,,,,,,
Tunceli,,,,,,
the Adana Basin,,,,,,
Austria,,,,,,
Simav,,,,,,
Los Angeles,,,,,,
Morocco,,,,,,
Seydikemer,,,,,,
Cyprus,,,,,,
Wellington,,,,,,
Dubai,,,,,,
Ternate,,,,,,
the United Arab Emirates,,,,,,
Kırıkhan,,,,,,
Milas district,,,,,,
Karaman,,,,,,
Arnavutköy,,,,,,
the Eastern Black Sea Region,,,,,,
Salihli,,,,,,
Crete,,,,,,
the Arabian Peninsula,,,,,,
Oman,,,,,,
Hokkaido,,,,,,
Misli,,,,,,
Sicily,,,,,,
El Nino,,,,,,
United States,,,,,,
the Ilgar Mountain Pass,,,,,,
Bilecik,,,,,,
Miyako Island,,,,,,
Kumla,,,,,,
Trabzon-Bayburt,,,,,,
the Southeastern Anatolia Region,,,,,,
California,,,,,,
the Central Anatolia Region,,,,,,
Seattle,,,,,,
Kenya,,,,,,
Tobelo,,,,,,
the Czech Republic,,,,,,
Amsterdam,,,,,,
New Jersey,,,,,,
the Western Black Sea Region,,,,,,
Liverpool,,,,,,
Sultangazi,,,,,,
Istanbulites,,,,,,
Bahçesaray,,,,,,
Honshu Island,,,,,,
Karachi,,,,,,
Kumamoto,,,,,,
Hiroshima,,,,,,
Eid al-Fitr,,,,,,
Şişli,,,,,,
Çatalca,,,,,,
London,,,,,,
North Africa,,,,,,
ISTANBUL,,,,,,
Datça,,,,,,
America,,,,,,
Florida,,,,,,
Moscow,,,,,,
Bayrampaşa,,,,,,
Hormuz,,,,,,
Switzerland,,,,,,
Washington,,,,,,
Konyaspor,,,,,,
Feke,,,,,,
Libya,,,,,,
Kuwait,,,,,,
the Meles Delta,,,,,,
Karakoçan,,,,,,
Berlin,,,,,,
Ganos Mountain,,,,,,
Tripoli,,,,,,
Mardin,,,,,,
the Northern Aegean,,,,,,
the Persian Gulf,,,,,,
Pendik,,,,,,
Pacific Ocean,,,,,,
Ethiopia,,,,,,
the Selevir Dam,,,,,,
Başçiftlik,,,,,,
El Salvador,,,,,,
Ayrancı,,,,,,
Göcek,,,,,,
The United Arab Emirates,,,,,,
Tuscany,,,,,,
Cappadocia,,,,,,
the river delta,,,,,,
Viranşehir,,,,,,
the Adriatic Sea,,,,,,
Akçamezra,,,,,,
Oğuzeli,,,,,,
Mississippi,,,,,,
the Dukono Volcano,,,,,,
Peru,,,,,,
Gibraltar,,,,,,
Eskişehir,,,,,,
Erdek,,,,,,
Louvre,,,,,,
Antakya,,,,,,
Giresun,,,,,,
Kentucky,,,,,,
the Karadere Valley Hasköy-Değirmencik,,,,,,
Araklı district,,,,,,
Uruguay,,,,,,
Turgutlu,,,,,,
Sumatra Island,,,,,,
Angola,,,,,,
Sancaktepe,,,,,,
the Turkish Republic of Northern Cyprus,,,,,,
Hevsel Gardens,,,,,,
Tohoku,,,,,,
Algeria,,,,,,
the Ancient City of Perre,,,,,,
Kuyucak,,,,,,
Hokkaido island,,,,,,
Akçakoca district,,,,,,
Yüksekova district,,,,,,
Maluku Islands,,,,,,
the Maluku Sea,,,,,,
Kırıkkale,,,,,,
Iznik,,,,,,
Mada Island,,,,,,
Şarkikaraağaç,,,,,,
Dagestan,,,,,,
Gerede,,,,,,
Bozüyük,,,,,,
Uzunlu Dam,,,,,,
Gebze,,,,,,
Çaykara district,,,,,,
Inner Aegean,,,,,,
Kemer district,,,,,,
Southeastern,,,,,,
Bangladesh,,,,,,
Maine,,,,,,
Rhine,,,,,,
Aomori,,,,,,
Ezine district,,,,,,
the Black Sea Region,,,,,,
Athens,,,,,,
Illinois,,,,,,
Bolu Mountain,,,,,,
Sincan,,,,,,
Crete Island,,,,,,
Posof,,,,,,
the Naip Dam,,,,,,
Ahmethacı village,,,,,,
Sarıkamış,,,,,,
Danube,,,,,,
Konitsa,,,,,,
Colorado,,,,,,
Andalusia,,,,,,
Beylikdüzü,,,,,,
Tunisia,,,,,,
Batman,,,,,,
Serik district,,,,,,
Euphrates,,,,,,
Calabria,,,,,,
the Baltic Sea,,,,,,
Menemen district,,,,,,
UNICEF,,,,,,
Thrace,,,,,,
West Africa,,,,,,
Ardanuç district,,,,,,
Northeast,,,,,,
Milan,,,,,,
Kütahya Simav,,,,,,
Pazarcık,,,,,,
Burdur,,,,,,
Java Island,,,,,,
Çukurova,,,,,,
Texas,,,,,,
Ayvacık district,,,,,,
Dalaman,,,,,,
Kepez,,,,,,
Kos,,,,,,
Uzbekistan,,,,,,
Esenyurt,,,,,,
Massachusetts,,,,,,
Çeşme,,,,,,
Bozcaada district,,,,,,
Rhode Island,,,,,,
Sındırgı district,,,,,,
Hollywood,,,,,,
Aybastı,,,,,,
Pütürge district,,,,,,
Erbil,,,,,,
Icelandic,,,,,,
Foça district,,,,,,
Myanmar,,,,,,
Sulaymaniyah,,,,,,
Albania,,,,,,
Çatak district,,,,,,
Afghanistan,,,,,,
Taurus Mountains,,,,,,
the Ottoman Empire,,,,,,
Çekmegöl,,,,,,
Lalahan,,,,,,
Wenderson Tsunami,,,,,,
the Sea of ​​Azov,,,,,,
Okinawa,,,,,,
the Ziraat Turkish Cup,,,,,,
the Adana Basin',,,,,,
the Savrun Fault,,,,,,
Yilan province,,,,,,
Kiev,,,,,,
El Niño,,,,,,
Santorini Island,,,,,,
Storm,,,,,,
Aksaray,,,,,,
Bayraktar,,,,,,
Diyarbakır,,,,,,
the Schengen Area,,,,,,
the Almus Dam,,,,,,
Kepez district,,,,,,
Serbia,,,,,,
the Kadıköy Coast,,,,,,
K.Maraş,,,,,,
Daday,,,,,,
Arvtin,,,,,,
Tunca River,,,,,,
Eid al-Adha,,,,,,
Santorini,,,,,,
Altınyayla,,,,,,
Costa Rica,,,,,,
Nusaybin,,,,,,
Gördes,,,,,,
Borçka,,,,,,
Kiraz,,,,,,
Bahçeli,,,,,,
Köprübaşı district,,,,,,
Borcka,,,,,,
Cleveland,,,,,,
Laos,,,,,,
Ireland,,,,,,
Sumbas,,,,,,
Akoluk,,,,,,
Sinop,,,,,,
Nebi village,,,,,,
Bulancak,,,,,,
Banaz,,,,,,
İkizce,,,,,,
Taşköy District,,,,,,
New Delhi,,,,,,
Kuyucak district,,,,,,
Baculin,,,,,,
Düziçi district,,,,,,
Ünye district,,,,,,
Fırtına Creek,,,,,,
RIZE,,,,,,
Çamlıhemşin,,,,,,
Çamlıhemşin district,,,,,,
Tophane,,,,,,
Geneva,,,,,,
Eastern Black Sea Region,,,,,,
Mudanya district,,,,,,
Çaykara,,,,,,
Guadalajara Stadium,,,,,,
Mexico City,,,,,,
the Indian Ocean Dipole,,,,,,
Damascus,,,,,,
Rostov,,,,,,
Zircon,,,,,,
Susuz,,,,,,
Küçükçekmece,,,,,,
Küçükçekmece Lake,,,,,,
Köyceğiz,,,,,,
Hy-Brasil,,,,,,
Aegean Region,,,,,,
Sözbilir,,,,,,
Atlantic,,,,,,
Islamabad,,,,,,
Vienna,,,,,,
Dinar,,,,,,
the South Aegean,,,,,,
Bayburt,,,,,,
Zeydan,,,,,,
Sarıgöl district,,,,,,
El Clasico,,,,,,
Vancouver,,,,,,
Avcılar,,,,,,
Aksu,,,,,,
Kermanshah province,,,,,,
Karaci,,,,,,
Ödemiş,,,,,,
İzmir Ödemiş,,,,,,
Akseki,,,,,,
Samar Island,,,,,,
Sürsürü District,,,,,,
Lightning,,,,,,
Aksu Stream,,,,,,
Soma,,,,,,
Soma district,,,,,,
Muradiye,,,,,,
Yemen,,,,,,
Bursa Sea Buses,,,,,,
Palestine,,,,,,
Manila,,,,,,
Central Mediterranean,,,,,,
the Mediterranean Region,,,,,,
Gölköy district,,,,,,
Bozüyük district,,,,,,
Silifke,,,,,,
The Yeşilırmak River,,,,,,
Muratpaşa,,,,,,
Pazar,,,,,,
Yeşilırmak,,,,,,
Southern Cyprus,,,,,,
ANKARA,,,,,,
DRC,,,,,,
the Democratic Republic of the Congo,,,,,,
Ituri,,,,,,
the Democratic Republic of Congo,,,,,,
Beşkonak District,,,,,,
Ofunato,,,,,,
Bayramiç,,,,,,
Memphis,,,,,,
Alaşehir,,,,,,
Milwaukee,,,,,,
Alibeyçağıllı District,,,,,,
Alberta,,,,,,
Whitecourt,,,,,,
Eskipazar,,,,,,
Kremlin,,,,,,
The Black Sea,,,,,,
the Çatak District Hacıoğlu,,,,,,
Göynük,,,,,,
the Antarctic Peninsula,,,,,,
Sicaya,,,,,,
Northern Europe,,,,,,
Midtjylland,,,,,,
the North Pole,,,,,,
Çine,,,,,,
vineyards,,,,,,
Trabzon Atasu Dam,,,,,,
Bornova district,,,,,,
Görür,,,,,,
the Flemish Region,,,,,,
the Walloon Region,,,,,,
Buca,,,,,,
Continental Europe,,,,,,
Çine district,,,,,,
Finland,,,,,,
Munich Municipality,,,,,,
Tin Araban,,,,,,
FLA,,,,,,
the United Kingdom,,,,,,
the Netherlands,,,,,,
Southern Aegean,,,,,,
Susurluk,,,,,,
Korun,,,,,,
Maltepe,,,,,,
Wenzhou,,,,,,
Fujian,,,,,,
Futagawa,,,,,,
the Po River,,,,,,
Aydin,,,,,,
Johannes,,,,,,
Fethiye-Antalya,,,,,,
Ali Mountain,,,,,,
MasterChef Türkiye,,,,,,
Eşme district,,,,,,
Kumamoto Prefecture,,,,,,
Üzümlü District,,,,,,
Kozan district,,,,,,
Cide,,,,,,
the District Governor,,,,,,
Perth,,,,,,
Demirel,,,,,,
Cevdetiye,,,,,,
the Zincirlikuyu underpass,,,,,,
Nişantaşı,,,,,,
the East Asian,,,,,,
Ödemiş district,,,,,,
Greenland,,,,,,
Lice,,,,,,
Bahçelievler Çavuşpaşa,,,,,,
Yilan,,,,,,
Leros Island,,,,,,
NICOSIA,,,,,,
Bethlehem,,,,,,
Solomon,,,,,,
Cide district,,,,,,
the Inner Aegean,,,,,,
Zhejiang,,,,,,
Siirt,,,,,,
Midwest,,,,,,
Typhoon Mekkhala,,,,,,
Taşkesen village,,,,,,
Diyadin,,,,,,
Yamanashi province,,,,,,
South Asia,,,,,,
Meriç district,,,,,,
Chiba province,,,,,,
Kula,,,,,,
Ioannina,,,,,,
Koniça,,,,,,
Türkmenli Pond,,,,,,
South America,,,,,,
Tekirdağ,,,,,,
Marmaraereğlisi district,,,,,,
UK,,,,,,
Bolivia,,,,,,
Latin America,,,,,,
Ioannina province,,,,,,
Göynük district,,,,,,
the Gulf of Izmit,,,,,,
Baskil district,,,,,,
Burhaniye,,,,,,
Şarköy,,,,,,
Haaland,,,,,,
Kashiwazaki-Kariwa,,,,,,
Lugano,,,,,,
Hualien province,,,,,,
Qamishli,,,,,,
Üsküdar,,,,,,
Eldivan district,,,,,,
Inusa,,,,,,
Almeria,,,,,,
Bayramiç district,,,,,,
the Sardinia Island,,,,,,
Piedmont,,,,,,
Bahrain,,,,,,
Geçitli village,,,,,,
Çiğli,,,,,,
Phetchaburi,,,,,,
Üsküdar Sahaflar Bazaar,,,,,,
the Sahaflar Bazaar,,,,,,
Karaçoban,,,,,,
Hafik,,,,,,
Ismailia,,,,,,
Southeastern Anatolia Region,,,,,,
Punjab province,,,,,,
Tuzla,,,,,,
Kachin,,,,,,
the Konya Basin,,,,,,
Eiffel,,,,,,
Sante,,,,,,
the İkiyaka Mountains,,,,,,
Sat Lakes,,,,,,
Göle,,,,,,
Miryang,,,,,,
Çubuk district,,,,,,
Cyclades,,,,,,
Ladakh,,,,,,
Coastal Aegean,,,,,,
Kosovo,,,,,,
Tut district,,,,,,
Abu Dhabi,,,,,,
the Göksu River,,,,,,
Menemen,,,,,,
Serik,,,,,,
Döşemealtı,,,,,,
Marmara Region,,,,,,
the Western Mediterranean,,,,,,
Dams,,,,,,
Şehzadeler,,,,,,
Pezeşkiyan,,,,,,
Gölcük Nature Park,,,,,,
Gölcük,,,,,,
Abant,,,,,,
Büyükdere,,,,,,
Denmark,,,,,,
Enez,,,,,,
Saros Gulf,,,,,,
Akbük Bay,,,,,,
Gökova Gulf,,,,,,
Puglia,,,,,,
Güneyşığı,,,,,,
Türkoğlu,,,,,,
Mudanya,,,,,,
Karacabey,,,,,,
Çekirge,,,,,,
Malacca,,,,,,
Çanakçı village,,,,,,
Kayseri,,,,,,
Emet district's,,,,,,
the Far East,,,,,,
MYK,,,,,,
Saudi Arabia's,,,,,,
Western Black Sea Region,,,,,,
Cordoba,,,,,,
Çaldıran,,,,,,
Ovalle,,,,,,
Bozyazı,,,,,,
Gülnar,,,,,,
Diyadin district,,,,,,
Erdemli,,,,,,
Kuşburnu Village,,,,,,
Dereli Thermal Springs,,,,,,
Tavşanlı district,,,,,,
Sarız,,,,,,
Emet,,,,,,
Eyyübiye,,,,,,
Eastern Anatolia Region,,,,,,
Ahmet,,,,,,
South,,,,,,
the Thwaites Glacier,,,,,,
Efeler,,,,,,
the Southern Pacific Ocean,,,,,,
Coast,,,,,,
Koçbeyi,,,,,,
Cizre district,,,,,,
Gölyaka,,,,,,
Cairo,,,,,,
Northern Aegean Sea,,,,,,
Osmangazi,,,,,,
the Gulf of Iskenderun,,,,,,
Svalbard,,,,,,
Antarctic,,,,,,
Selçuk,,,,,,
Antep,,,,,,
Munich,,,,,,
Konyaaltı Beach,,,,,,
Tel Aviv,,,,,,
Korgan,,,,,,
Beit Semesh,,,,,,
Jerusalem,,,,,,
Sultanahmet,,,,,,
İslamdağ District,,,,,,
Fatsa,,,,,,
North America,,,,,,
Hong Kong,,,,,,
new rainy,,,,,,
jamra fall,,,,,,
Sandoz META Region,,,,,,
TURKEY,,,,,,
the Konya Plain,,,,,,
Connecticut,,,,,,
Delaware,,,,,,
Maryland,,,,,,
Svalbard Islands,,,,,,
Uluabat Lake,,,,,,
the Yucatán Peninsula,,,,,,
Central America,,,,,,
Şuhut,,,,,,
Pennsylvania,,,,,,
the Southern Ocean,,,,,,
east,,,,,,
Sea,,,,,,
the Gulf of Izmir,,,,,,
Trabzonspor,,,,,,
Baghdad,,,,,,
Kızıltepe,,,,,,
Artuklu,,,,,,
Northern Aegean,,,,,,
Underground,,,,,,
Gamo,,,,,,
Far City,,,,,,
Kümbetli Village,,,,,,
Gençlerbirliği,,,,,,
Tokat Erbaa,,,,,,
The Far City,,,,,,
Reşadiye,,,,,,
Alacabel,,,,,,
Strait,,,,,,
the Line of Fire,,,,,,
Gölmarmara,,,,,,
Lake Tahoe,,,,,,
the Pamukkale Fault Zone,,,,,,
Samandağ,,,,,,
the Aegean Region,,,,,,
Pepecura,,,,,,
İlhan Depe,,,,,,
the Altai Mountains,,,,,,
Pasinler,,,,,,
Karayazı district,,,,,,
Toroslar,,,,,,
Boston,,,,,,
Far East Asia,,,,,,
Pozantı Municipality,,,,,,
Aydos Plateau,,,,,,
Ula district,,,,,,
İstanköy,,,,,,
Günyamaç District,,,,,,
Gümbet Bay,,,,,,
Zara district,,,,,,
Kızılırmak,,,,,,
The Red River,,,,,,
Kuşadası,,,,,,
Sivas Zara,,,,,,
longest river,,,,,,
Central Turkey',,,,,,
Marmara Ereğlisi,,,,,,
the Simav Fault Zone,,,,,,
ICC,,,,,,
Biennale,,,,,,
Venice Biennale,,,,,,
Pattaya,,,,,,
Çorlu,,,,,,
Datça district,,,,,,
the Aegean Sea,,,,,,
the Alpine-Himalayan earthquake zone,,,,,,
Ontario,,,,,,
Hungary,,,,,,
Kirazyani Plateau,,,,,,
the Yuvacık Dam,,,,,,
Uludağ,,,,,,
Yuvacık Dam,,,,,,
Patnos,,,,,,
the Northwest parts,,,,,,
Reşadiye district,,,,,,
Bebek Beach,,,,,,
Bulanık,,,,,,
Mount Hasan,,,,,,
Bamako,,,,,,
Karakaya,,,,,,
Tosya district,,,,,,
Lucca,,,,,,
Pisa,,,,,,
Niscemi,,,,,,
the Ardanuç district,,,,,,
the Bilbilan Plateau,,,,,,
Hendek district,,,,,,
Çiğdem Plateau,,,,,,
Selçuklu district,,,,,,
the Sea of,,,,,,
New Türkiye's,,,,,,
Bilginler Apartment,,,,,,
South Korea,,,,,,
Köşk district,,,,,,
the Autonomous Republic of Buryutia,,,,,,
Silopi district,,,,,,
the Crete Island,,,,,,
Savaştepe,,,,,,
Bandırma,,,,,,
Sofia,,,,,,
Çıldır district,,,,,,
Türkiye:,,,,,,
Çiftçi,,,,,,
Yumaklı,,,,,,
BULGARIA,,,,,,
Bornova,,,,,,
Sarıçam District,,,,,,
Şemdinli,,,,,,
İnegöl,,,,,,
İsaören,,,,,,
Nazilli district,,,,,,
Güzelyurt district,,,,,,
Toroslar Mevkii,,,,,,
Keban Dam Lake,,,,,,
the Northern Anatolian Fault,,,,,,
the Yedisu Fault,,,,,,
the North Anatolian Fault,,,,,,
Haryana,,,,,,
Sincan district,,,,,,
Brussels,,,,,,
the Northern Marmara Highway,,,,,,
Karatepe,,,,,,
Kızyusuflu,,,,,,
Demirci district,,,,,,
Yunusemre,,,,,,
Petrolul Ploiesti,,,,,,
Düziçi,,,,,,
the Gediz River,,,,,,
Tsunami,,,,,,
Mada,,,,,,
Tatvan,,,,,,
M6.2–6.4,,,,,,
Jakarta,,,,,,
South East,,,,,,
the Hanke Mountains,,,,,,
Osmaneli district,,,,,,
Mongolia,,,,,,
Oslo,,,,,,
Kocaköy,,,,,,
Refahiye,,,,,,
Antlya,,,,,,
Elraglusib,,,,,,
Western Anatolia,,,,,,
the North Aegean Sea,,,,,,
Sis Mountain Plateau,,,,,,
Isparta Lake Eğirdir,,,,,,
Lake Eğirdir,,,,,,
Isparta Eğirdir Lake,,,,,,
Malatya City Cemetery,,,,,,
The United States,,,,,,
Beytüşşebap,,,,,,
Şirvan,,,,,,
Fatih District,,,,,,
Hayrat,,,,,,
Iskenderun district,,,,,,
Sason district,,,,,,
Senem,,,,,,
Manisa Marmara Lake,,,,,,
Alagöz,,,,,,
Sahara,,,,,,
Sicily Island,,,,,,
Akşehir,,,,,,
Akşehir Lake,,,,,,
the Karagöl Plateau,,,,,,
Nova Lake,,,,,,
Boğazlıyan,,,,,,
Lithuania,,,,,,
the Zap River,,,,,,
Sümbül Mountain,,,,,,
Şarlak Waterfall,,,,,,
Marmara Lake,,,,,,
Yeniköy,,,,,,
